No,Anime/Fandom/Cats,Item Type,Price (AMD),
1,Chainsaw Man,Բրելոկ,400,https://i.postimg.cc/7hzKcJXm/IMG-20260626-211458.png
2,Chainsaw Man,Բրելոկ,550,https://i.postimg.cc/mgY3Bw42/Bez-nazvania61-20260501223146.png
3,Bungo Stray Dogs,Արձանիկ,550,https://i.postimg.cc/G2Wr0YPf/IMG-20260626-175416.png
4,Bungo Stray Dogs,Բրելոկ,450,https://i.postimg.cc/5NZ1RffR/1773722117023-edit-86564547080518.png
5,Attack on Titan,Բրելոկ,550,https://i.postimg.cc/26MrHnVS/Airbrush-IMAGE-ENHANCER-1774703910981-1774703910981.png
6,Alien Stage,Բրելոկ,450,https://i.postimg.cc/yN2y0YX5/1782485970987.png
7,Genshin Impact,Բրելոկ,500,https://i.postimg.cc/ZRxQKd6R/1782495263687.png
8,Frieren,Բրելոկ,400,https://i.postimg.cc/RZWc6h0M/photo-5327942149879830300-y.jpg
9,Tokyo Revengers,Բրելոկ,500,https://i.postimg.cc/SQYyn1vC/1775051953868-edit-931793394081474.png
10,JoJo's Bizarre Adventure,Բրելոկ,500,https://i.postimg.cc/P59jtpB1/photo-5332558488103753698-y.jpg
11,One Piece,Բրելոկ,400,https://i.postimg.cc/hjwPHLz3/Airbrush-IMAGE-ENHANCER-1775908829379-1775908829379.jpg
12,Hunter X Hunter,Բրելոկ,450,https://i.postimg.cc/h46fwBVR/Airbrush-IMAGE-ENHANCER-1777490399696-1777490399697.png
13,Gachiakuta,Բրելոկ,400,https://i.postimg.cc/B6xqtXh0/Airbrush-IMAGE-ENHANCER-1777969575392-1777969575392.png
14,Blue Lock,Բրելոկ,350,https://i.postimg.cc/j20LkpFQ/Airbrush-IMAGE-ENHANCER-1775709182637-1775709182638.png
15,Spy x Family,Բրելոկ,450,https://i.postimg.cc/T1qFrG6k/image-enhancer-1774202841510.png
16,Spy x Family (Anya),Բրելոկ,400,https://i.postimg.cc/N0JVB5Lx/1782477530146-edit-50725919685492.png
17,Death Note,Բրելոկ,450,https://i.postimg.cc/zGMZ9KkX/IMG-20260626-203751.png
18,Champagne & Roses,Արձանիկ,750,https://i.postimg.cc/nhFKVmhh/1000014706.png
19,Dandadan,Բրելոկ,450,https://i.postimg.cc/8cNrC8ms/Bez-nazvania44-20260406180546.png
20,SK8 the Infinity,Բրելոկ,500,https://i.postimg.cc/6qKF1CF2/1782537132812.png
21,Jujutsu Kaisen,Բրելոկ,500,https://i.postimg.cc/tJX2GxKB/IMG-20260315-083539.png
22,Jujutsu Kaisen Duo,Բրելոկ,550,https://i.postimg.cc/t48gv0wG/IMG-20260319-095730.png
23,Gojo,Բրելոկ,500,https://i.postimg.cc/R0tmbW5k/Airbrush-IMAGE-ENHANCER-1778174685820-1778174685820.png
24,Chainsaw Man,Բրելոկ,400,https://i.postimg.cc/rsMTvB7j/photo-5332558488103753697-y.jpg
25,Demon Slayer ,Բրելոկ,400,https://i.postimg.cc/PxknDGfn/photo-5332558488103753694-y.jpg
26,Demon Slayer,Բրելոկ,450,https://i.postimg.cc/dtKLwKVP/Bez-nazvania50-20260423214555.png
27,Demon Slayer (Fan),Բրելոկ,450,https://i.postimg.cc/VNdwjBc8/1782537394837.png
28,Arcane,Բրելոկ,550,https://i.postimg.cc/VvMXGH36/1775459708401-edit-13087316156464.png
29,Call of Duty,Բրելոկ,500,https://i.postimg.cc/BvVqy7CX/1782537980660-edit-93133846462596.png
30,White cats,Բրելոկ,350,https://i.postimg.cc/QCD94LBG/IMG-20260302-202126-591.jpg
31,Black cats ,Բրելոկ,300,https://i.postimg.cc/nh9TBCwy/1782539401511.png
32,Black cat plush,Բրելոկ,750,https://i.postimg.cc/sxPfvvg3/Bez-nazvania24-20260305191203.png
33,Helluva Boss,Բրելոկ,350,https://i.postimg.cc/gJsmW1Sy/IMG-20260313-133927-edit-50923966813021.png
34,Helluva Boss (min),Բրելոկ,150,https://i.postimg.cc/XqNNBnGf/IMG-20260315-210629.png
35,Seal,Բրելոկ,250,https://i.postimg.cc/vB4mZwmX/1782539194304-edit-93095302970840.png
36,Jujutsu Kaisen (min),Բրելոկ,400,https://i.postimg.cc/250QCccQ/1000015270.png
37,Heaven Official's Blessing,Արձանիկ,800,https://i.postimg.cc/B6LfgzRY/1779116649303-edit-203444484742130.png
38,Doki Doki,Բրելոկ,450,https://i.postimg.cc/B62V0stV/image-enhancer-1776633109555.png
39,Jujutsu Kaisen,Կրծքանշաններ,350,https://i.postimg.cc/9fxW7621/Bez-nazvania81-20260607123628.png
40,My Hero Academia,Կրծքանշաններ,350,https://i.postimg.cc/CKMhdFW3/Airbrush-IMAGE-ENHANCER-1778425920667-1778425920667.png
41,Alien Stage Cards,Քարտեր,100,https://i.postimg.cc/QCcG0P2m/1000023747.png
42,Vocaloid ,Բրելոկ,400,https://i.postimg.cc/zvxSZXYr/Airbrush-IMAGE-ENHANCER-1778746121030-1778746121030.png
43,Genshin Impact,Բրելոկ,500,https://i.postimg.cc/fbWdZQ5k/Bez-nazvania82-20260618064118.png
44,Genshin Impact,Բրելոկ,350,https://i.postimg.cc/L6zg18bj/1777124290473-edit-520817403275021.png
45,Star Child,Կրծքանշաններ,350,https://i.postimg.cc/KYkjDgXY/1782409293574-edit-15044290406343.png
46,Jujutsu Kaisen (Japan),Բրելոկ,450,https://i.postimg.cc/jCVjhmkn/IMG-20260626-205847.png
47,Nana,Քարտեր,150,https://i.postimg.cc/mZFDx4JZ/1782544192326-edit-93052545134137.png
48,Nana,Բրելոկ,400,https://i.postimg.cc/GhKnVSL1/1782537907140.png
49,Heaven Official's Blessing,Արձանիկ,900,https://i.postimg.cc/mkqCgSRC/1782538521052.png
50,NieR:Automata,3Դ Արձանիկ,1700,https://i.postimg.cc/gJxBSNMJ/Bez-nazvania86-20260627110516.png
51,Jujutsu Kaisen ,Ստիկերներ,300,https://i.postimg.cc/fT8qNG6Z/photo-5332558488103753671-y.jpg
52,The Apothecary Diaries,Ստիկերներ,300,https://i.postimg.cc/XvGzxs1p/photo-5332558488103753673-y.jpg
53,Chainsaw Man,Ստիկերներ,300,https://i.postimg.cc/MHDPXNHC/photo-5332558488103753672-y.jpg
